HGNC_ID	Gene	Ensemble_ID	Entrez_ID	OMIM_ID	Inheritance	Phenotype(s)
HGNC:20	AARS1	ENSG00000090861	16	601065	AR	DEE
HGNC:21022	AARS2	ENSG00000124608	57505	612035	AR	DEE
HGNC:23	ABAT	ENSG00000183044	18	137150	AR	DEE
HGNC:13921	ABHD16A	ENSG00000204427	7920	142620	AR	DEE
HGNC:119	ACOX1	ENSG00000161533	51	609751	AR	DEE
HGNC:132	ACTB	ENSG00000075624	60	102630	AD	MCD
HGNC:144	ACTG1	ENSG00000184009	71	102560	AD	MCD
HGNC:160	ACTL6B	ENSG00000077080	51412	612458	AR	DEE
HGNC:177	ACY1	ENSG00000243989	95	104620	AR	DEE
HGNC:201	ADAM22	ENSG00000008277	53616	603709	AR	DEE
HGNC:225	ADAR	ENSG00000160710	103	146920	AR	DEE, MCD
HGNC:226	ADARB1	ENSG00000197381	104	601218	AR	DEE
HGNC:25151	ADAT3	ENSG00000213638	113179	615302	AR	DEE
HGNC:236	ADCY5	ENSG00000173175	111	600293	AD	DEE
HGNC:4512	ADGRG1	ENSG00000205336	9289	604110	AR	MCD
HGNC:20973	ADGRL1	ENSG00000072071	22859	616416	AD	DEE
HGNC:15766	ADNP	ENSG00000101126	23394	611386	AD	DEE
HGNC:21304	ADPRS	ENSG00000116863	54936	610624	AR	DEE
HGNC:291	ADSL	ENSG00000239900	158	608222	AR	DEE
HGNC:7137	AFDN	ENSG00000130396	4301	159559	AD	MCD
HGNC:6473	AFF3	ENSG00000144218	3899	601464	AD	DEE
HGNC:18119	AFG2A	ENSG00000145375	166378	613940	AR	DEE
HGNC:28762	AFG2B	ENSG00000171763	79029	619578	AR	DEE
HGNC:315	AFG3L2	ENSG00000141385	10939	604581	AR	PME
HGNC:318	AGA	ENSG00000038002	175	613228	AR	DEE
HGNC:33784	AGMO	ENSG00000187546	392636	613738	AR	DEE
HGNC:3262	AGO1	ENSG00000092847	26523	606228	AD	DEE
HGNC:25230	AHDC1	ENSG00000126705	27245	615790	AD	DEE
HGNC:10648	AIMP1	ENSG00000164022	9255	603605	AR	DEE
HGNC:391	AKT1	ENSG00000142208	207	164730	AD	DEE, MCD
HGNC:393	AKT3	ENSG00000117020	10000	611223	AD	MCD
HGNC:403	ALDH3A2	ENSG00000072210	224	609523	AR	DEE
HGNC:408	ALDH5A1	ENSG00000112294	7915	610045	AR	DEE
HGNC:877	ALDH7A1	ENSG00000164904	501	107323	AR	DEE
HGNC:18294	ALG1	ENSG00000033011	56052	605907	AR	DEE
HGNC:32456	ALG11	ENSG00000253710	440138	613666	AR	DEE
HGNC:19358	ALG12	ENSG00000182858	79087	607144	AR	DEE
HGNC:30881	ALG13	ENSG00000101901	79868	300776	XL	DEE
HGNC:28287	ALG14	ENSG00000172339	199857	612866	AR	DEE
HGNC:23159	ALG2	ENSG00000119523	85365	607905	AR	DEE
HGNC:23056	ALG3	ENSG00000214160	10195	608750	AR	DEE
HGNC:23157	ALG6	ENSG00000088035	29929	604566	AR	DEE
HGNC:23161	ALG8	ENSG00000159063	79053	608103	AR	DEE
HGNC:15672	ALG9	ENSG00000086848	79796	606941	AR	DEE
HGNC:25189	ALKBH8	ENSG00000137760	91801	613306	AR	DEE
HGNC:438	ALPL	ENSG00000162551	249	171760	AR	DEE
HGNC:451	AMACR	ENSG00000242110	23600	604489	AR	DEE
HGNC:469	AMPD2	ENSG00000116337	271	102771	AR	DEE
HGNC:473	AMT	ENSG00000145020	275	238310	AR	DEE
HGNC:21316	ANKRD11	ENSG00000167522	29123	611192	AD	DEE
HGNC:23575	ANKRD17	ENSG00000132466	26057	615929	AD	DEE
HGNC:555	AP1G1	ENSG00000166747	164	603533	AD/AR	DEE
HGNC:564	AP2M1	ENSG00000161203	1173	601024	AD	DEE
HGNC:567	AP3B2	ENSG00000103723	8120	602166	AR	DEE
HGNC:568	AP3D1	ENSG00000065000	8943	607246	AR	DEE
HGNC:572	AP4B1	ENSG00000134262	10717	607245	AR	MCD
HGNC:574	AP4M1	ENSG00000221838	9179	602296	AR	DEE
HGNC:24036	APC2	ENSG00000115266	10297	612034	AR	DEE, MCD
HGNC:652	ARF1	ENSG00000143761	375	103180	AD	MCD
HGNC:15772	ARFGEF1	ENSG00000066777	10565	604141	AD	DEE
HGNC:15853	ARFGEF2	ENSG00000124198	10564	605371	AR	MCD
HGNC:663	ARG1	ENSG00000118520	383	608313	AR	DEE
HGNC:14561	ARHGEF9	ENSG00000131089	23229	300429	XL	Focal, DEE
HGNC:11110	ARID1A	ENSG00000117713	8289	603024	AD	DEE
HGNC:18040	ARID1B	ENSG00000049618	57492	614556	AD	DEE, MCD
HGNC:713	ARSA	ENSG00000100299	410	607574	AR	DEE
HGNC:29561	ARV1	ENSG00000173409	64801	611647	AR	DEE
HGNC:18060	ARX	ENSG00000004848	170302	300382	XL	DEE, MCD
HGNC:735	ASAH1	ENSG00000104763	427	613468	AR	PME
HGNC:19088	ASH1L	ENSG00000116539	55870	607999	AD	DEE
HGNC:753	ASNS	ENSG00000070669	440	108370	AR	DEE, MCD
HGNC:756	ASPA	ENSG00000108381	443	608034	AR	DEE
HGNC:19048	ASPM	ENSG00000066279	259266	605481	AR	MCD
HGNC:773	ASTN1	ENSG00000152092	460	600904	AR	DEE, MCD
HGNC:23805	ASXL2	ENSG00000143970	55252	612991	AD	DEE
HGNC:29357	ASXL3	ENSG00000141431	80816	615115	AD	DEE
HGNC:25903	ATAD1	ENSG00000138138	84896	614452	AR	DEE
HGNC:3033	ATN1	ENSG00000111676	1822	607462	AD	DEE, PME
HGNC:30213	ATP13A2	ENSG00000159363	23400	610513	AR	PME
HGNC:799	ATP1A1	ENSG00000163399	476	182310	AD	DEE
HGNC:800	ATP1A2	ENSG00000018625	477	182340	AD	DEE, MCD
HGNC:801	ATP1A3	ENSG00000105409	478	182350	AD	DEE, MCD
HGNC:814	ATP2B1	ENSG00000070961	490	108731	AD	DEE
HGNC:823	ATP5F1A	ENSG00000152234	498	164360	AD/AR	DEE
HGNC:838	ATP5F1E	ENSG00000124172	514	606153	AR	DEE
HGNC:843	ATP5MC3	ENSG00000154518	518	602736	AD	DEE
HGNC:850	ATP5PO	ENSG00000241837	539	600828	AR	DEE
HGNC:18305	ATP6AP2	ENSG00000182220	10159	300556	XL	DEE
HGNC:865	ATP6V0A1	ENSG00000033627	535	192130	AD/AR	DEE, PME
HGNC:18481	ATP6V0A2	ENSG00000185344	23545	611716	AR	DEE
HGNC:855	ATP6V0C	ENSG00000185883	527	108745	AD	GGE, DEE
HGNC:851	ATP6V1A	ENSG00000114573	523	607027	AD	DEE
HGNC:854	ATP6V1B2	ENSG00000147416	526	606939	AD	DEE
HGNC:869	ATP7A	ENSG00000165240	538	300011	XL	DEE
HGNC:886	ATRX	ENSG00000085224	546	300032	XL	DEE
HGNC:14262	AUTS2	ENSG00000158321	26053	607270	AD	DEE
HGNC:28596	B3GALNT2	ENSG00000162885	148789	610194	AR	DEE
HGNC:15685	B4GAT1	ENSG00000174684	11041	605517	AR	MCD
HGNC:950	BAP1	ENSG00000163930	8314	603089	AD	DEE
HGNC:14347	BCAS3	ENSG00000141376	54828	607470	AR	DEE
HGNC:986	BCKDHA	ENSG00000248098	593	608348	AR	DEE
HGNC:987	BCKDHB	ENSG00000083123	594	248611	AR	DEE
HGNC:16902	BCKDK	ENSG00000103507	10295	614901	AR	DEE
HGNC:13221	BCL11A	ENSG00000119866	53335	606557	AD	DEE
HGNC:1020	BCS1L	ENSG00000074582	617	603647	AR	DEE
HGNC:17208	BICD2	ENSG00000185963	23299	609797	AD/AR	DEE, MCD
HGNC:26953	BLTP1	ENSG00000138688	84162	611565	AR	MCD
HGNC:24415	BOLA3	ENSG00000163170	388962	613183	AR	DEE
HGNC:3581	BPTF	ENSG00000171634	2186	601819	AD	DEE
HGNC:1097	BRAF	ENSG00000157764	673	164757	AD	DEE, MCD
HGNC:21701	BRAT1	ENSG00000106009	221927	614506	AR	DEE
HGNC:15832	BSCL2	ENSG00000168000	26580	606158	AR	DEE
HGNC:1122	BTD	ENSG00000169814	686	609019	AR	DEE
HGNC:29521	C12orf57	ENSG00000111678	113246	615140	AR	DEE, MCD
HGNC:25443	C19orf12	ENSG00000131943	83636	614297	AR	DEE
HGNC:26799	C2orf69	ENSG00000178074	205327	619219	AR	DEE
HGNC:1388	CACNA1A	ENSG00000141837	773	601011	AD/AR	GGE, DEE, PME
HGNC:1389	CACNA1B	ENSG00000148408	774	601012	AR	DEE, PME
HGNC:1390	CACNA1C	ENSG00000151067	775	114205	AD	DEE
HGNC:1391	CACNA1D	ENSG00000157388	776	114206	AD	DEE
HGNC:1392	CACNA1E	ENSG00000198216	777	601013	AD	DEE
HGNC:1394	CACNA1G	ENSG00000006283	8913	604065	AD	DEE
HGNC:1396	CACNA1I	ENSG00000100346	8911	608230	AD	DEE
HGNC:1399	CACNA2D1	ENSG00000153956	781	114204	AR	DEE
HGNC:1400	CACNA2D2	ENSG00000007402	9254	607082	AR	DEE, PME
HGNC:1424	CAD	ENSG00000084774	790	114010	AR	DEE
HGNC:1460	CAMK2A	ENSG00000070808	815	114078	AD/AR	DEE
HGNC:1461	CAMK2B	ENSG00000058404	816	607707	AD	DEE
HGNC:19946	CAMSAP1	ENSG00000130559	157922	613774	AR	DEE, MCD
HGNC:18806	CAMTA1	ENSG00000171735	23261	611501	AD	PME
HGNC:6743	CAPRIN1	ENSG00000135387	4076	601178	AD	DEE
HGNC:25695	CARS2	ENSG00000134905	79587	612800	AR	DEE, PME
HGNC:1497	CASK	ENSG00000147044	8573	300172	XL	DEE
HGNC:29253	CC2D2A	ENSG00000048342	57545	612013	AR	DEE, MCD
HGNC:24349	CCDC186	ENSG00000165813	55088	619249	AR	DEE
HGNC:28909	CCDC22	ENSG00000101997	28952	300859	XL	DEE
HGNC:25523	CCDC88A	ENSG00000115355	55704	609736	AR	DEE
HGNC:19967	CCDC88C	ENSG00000015133	440193	611204	AR	DEE
HGNC:21708	CCM2	ENSG00000136280	83605	607929	AD	MCD
HGNC:1583	CCND2	ENSG00000118971	894	123833	AD	MCD
HGNC:1738	CDC42BPB	ENSG00000198752	9578	614062	AD	DEE
HGNC:1733	CDK13	ENSG00000065883	8621	603309	AD	DEE
HGNC:19338	CDK19	ENSG00000155111	23097	614720	AD	DEE
HGNC:1774	CDK5	ENSG00000164885	1020	123831	AR	MCD
HGNC:11411	CDKL5	ENSG00000008086	6792	300203	XL	DEE
HGNC:2550	CELF2	ENSG00000048740	10659	602538	AD	DEE
HGNC:1857	CENPF	ENSG00000117724	1063	600236	AR	MCD
HGNC:21638	CEP85L	ENSG00000111860	387119	618865	AD	DEE, MCD
HGNC:14253	CERS1	ENSG00000223802	10715	606919	AR	PME
HGNC:2205	CERT1	ENSG00000113163	10087	604677	AD	DEE
HGNC:1915	CHD1	ENSG00000153922	1105	602118	AD	DEE
HGNC:1917	CHD2	ENSG00000173575	1106	602119	AD	GGE, DEE, PME
HGNC:1918	CHD3	ENSG00000170004	1107	602120	AD	DEE
HGNC:1919	CHD4	ENSG00000111642	1108	603277	AD	GGE, DEE
HGNC:16816	CHD5	ENSG00000116254	26038	610771	AD	DEE, MCD
HGNC:1937	CHKA	ENSG00000110721	1119	118491	AR	DEE
HGNC:1956	CHRNA2	ENSG00000120903	1135	118502	AD	Focal
HGNC:1958	CHRNA4	ENSG00000101204	1137	118504	AD	Focal
HGNC:1962	CHRNB2	ENSG00000160716	1141	118507	AD	Focal
HGNC:14214	CIC	ENSG00000079432	23152	612082	AD	DEE
HGNC:2021	CLCN3	ENSG00000109572	1182	600580	AD/AR	DEE
HGNC:2022	CLCN4	ENSG00000073464	1183	302910	XL	DEE
HGNC:2047	CLDN5	ENSG00000184113	7122	602101	AD	DEE
HGNC:2074	CLN3	ENSG00000188603	1201	607042	AR	PME
HGNC:2076	CLN5	ENSG00000102805	1203	608102	AR	PME
HGNC:2077	CLN6	ENSG00000128973	54982	606725	AR	PME
HGNC:2079	CLN8	ENSG00000182372	2055	607837	AR	PME
HGNC:30664	CLPB	ENSG00000162129	81570	616254	AR	DEE
HGNC:2092	CLTC	ENSG00000141367	1213	118955	AD	DEE
HGNC:19701	CNKSR2	ENSG00000149970	22866	300724	XL	Focal, DEE
HGNC:103	CNNM2	ENSG00000148842	54805	607803	AD/AR	DEE
HGNC:10445	CNOT9	ENSG00000144580	9125	612054	AD	DEE
HGNC:11968	CNPY3	ENSG00000137161	10695	610774	AR	DEE
HGNC:8011	CNTNAP1	ENSG00000108797	8506	602346	AR	DEE
HGNC:13830	CNTNAP2	ENSG00000174469	26047	604569	AR	DEE
HGNC:18620	COG4	ENSG00000103051	25839	606976	AD/AR	DEE
HGNC:18621	COG6	ENSG00000133103	57511	606977	AR	DEE
HGNC:18622	COG7	ENSG00000168434	91949	606978	AR	DEE
HGNC:18623	COG8	ENSG00000213380	84342	606979	AR	DEE
HGNC:2195	COL18A1	ENSG00000182871	80781	120328	AR	DEE, MCD
HGNC:2201	COL3A1	ENSG00000168542	1281	120180	AR	MCD
HGNC:2202	COL4A1	ENSG00000187498	1282	120130	AD	MCD
HGNC:2203	COL4A2	ENSG00000134871	1284	120090	AD	MCD
HGNC:25223	COQ2	ENSG00000173085	27235	609825	AR	DEE
HGNC:19693	COQ4	ENSG00000167113	51117	612898	AR	DEE
HGNC:20233	COQ6	ENSG00000119723	51004	614647	AR	DEE
HGNC:16812	COQ8A	ENSG00000163050	56997	606980	AR	DEE
HGNC:25302	COQ9	ENSG00000088682	57017	612837	AR	DEE
HGNC:2260	COX10	ENSG00000006695	1352	602125	AR	DEE
HGNC:2263	COX15	ENSG00000014919	1355	603646	AR	DEE
HGNC:2295	CP	ENSG00000047457	1356	117700	AR	DEE
HGNC:2309	CPLX1	ENSG00000168993	10815	605032	AR	DEE
HGNC:2326	CPSF3	ENSG00000119203	51692	606029	AR	DEE
HGNC:2330	CPT2	ENSG00000157184	1376	600650	AR	DEE, MCD
HGNC:2340	CRADD	ENSG00000169372	8738	603454	AR	DEE, MCD
HGNC:2348	CREBBP	ENSG00000005339	1387	600140	AD	DEE
HGNC:37276	CRPPA	ENSG00000214960	729920	614631	AR	DEE, MCD
HGNC:2433	CSF1R	ENSG00000182578	1436	164770	AR	DEE
HGNC:2453	CSNK1E	ENSG00000213923	1454	600863	AD	DEE
HGNC:2457	CSNK2A1	ENSG00000101266	1457	115440	AD	DEE
HGNC:2460	CSNK2B	ENSG00000204435	1460	115441	AD	DEE
HGNC:2481	CSTA	ENSG00000121552	1475	184600	AR	MCD
HGNC:2482	CSTB	ENSG00000160213	1476	601145	AR	PME
HGNC:2510	CTNNA2	ENSG00000066032	1496	114025	AR	DEE, MCD
HGNC:2529	CTSD	ENSG00000117984	1509	116840	AR	PME
HGNC:2531	CTSF	ENSG00000174080	8722	603539	AR	PME
HGNC:28005	CTU2	ENSG00000174177	348180	617057	AR	DEE
HGNC:2553	CUL3	ENSG00000036257	8452	603136	AD	DEE
HGNC:2555	CUL4B	ENSG00000158290	8450	300304	XL	DEE
HGNC:19347	CUX2	ENSG00000111249	23316	610648	AD	GGE, DEE
HGNC:25613	CWF19L1	ENSG00000095485	55280	616120	AR	DEE, PME
HGNC:13760	CYFIP2	ENSG00000055163	26999	606323	AD	DEE
HGNC:2605	CYP27A1	ENSG00000135929	1593	606530	AR	DEE
HGNC:28358	D2HGDH	ENSG00000180902	728294	609186	AR	DEE
HGNC:2666	DAG1	ENSG00000173402	1605	128239	AR	MCD
HGNC:2698	DBT	ENSG00000137992	1629	248610	AR	DEE
HGNC:13681	DCHS1	ENSG00000166341	8642	603057	AR	MCD
HGNC:2714	DCX	ENSG00000077279	1641	300121	XL	DEE, MCD
HGNC:2719	DDC	ENSG00000132437	1644	107930	AR	DEE
HGNC:2745	DDX3X	ENSG00000215301	1654	300160	XL	DEE, MCD
HGNC:14677	DEAF1	ENSG00000177030	10522	602635	AR	DEE
HGNC:13709	DEGS1	ENSG00000143753	8560	615843	AR	DEE
HGNC:19344	DENND5A	ENSG00000184014	23258	617278	AR	DEE
HGNC:18423	DEPDC5	ENSG00000100150	9681	614191	AD/AR	Focal, DEE, MCD
HGNC:2859	DHCR24	ENSG00000116133	1718	606418	AR	DEE
HGNC:20603	DHDDS	ENSG00000117682	79947	608172	AD	DEE, PME
HGNC:2861	DHFR	ENSG00000228716	1719	126060	AR	DEE
HGNC:2869	DHPS	ENSG00000095059	1725	600944	AR	DEE
HGNC:2739	DHX16	ENSG00000204560	8449	603405	AD	DEE
HGNC:16716	DHX30	ENSG00000132153	22907	616423	AD	DEE
HGNC:2750	DHX9	ENSG00000135829	1660	603115	AD	DEE
HGNC:2876	DIAPH1	ENSG00000131504	1729	602121	AR	DEE
HGNC:2903	DLG4	ENSG00000132535	1742	602887	AD	DEE
HGNC:2908	DLL1	ENSG00000198719	28514	606582	AD	DEE, MCD
HGNC:13908	DMRTA2	ENSG00000142700	63950	614804	AR	MCD
HGNC:2938	DMXL2	ENSG00000104093	23312	612186	AR	DEE
HGNC:2945	DNAH14	ENSG00000185842	127602	603341	AR	DEE
HGNC:16235	DNAJC5	ENSG00000101152	80331	611203	AD	PME
HGNC:15469	DNAJC6	ENSG00000116675	9829	608375	AR	DEE
HGNC:2972	DNM1	ENSG00000106976	1759	602377	AD	DEE
HGNC:2973	DNM1L	ENSG00000087470	10059	603850	AD	DEE
HGNC:19190	DOCK7	ENSG00000116641	85440	615730	AR	DEE
HGNC:28662	DOHH	ENSG00000129932	83475	611262	AR	DEE
HGNC:23406	DOLK	ENSG00000175283	22845	610746	AR	DEE
HGNC:2995	DPAGT1	ENSG00000172269	1798	191350	AR	DEE
HGNC:3005	DPM1	ENSG00000000419	8813	603503	AR	DEE
HGNC:3006	DPM2	ENSG00000136908	8818	603564	AR	DEE
HGNC:3007	DPM3	ENSG00000179085	54344	605951	AR	DEE
HGNC:3012	DPYD	ENSG00000188641	1806	612779	AR	DEE
HGNC:17904	DROSHA	ENSG00000113360	29102	608828	AD	DEE
HGNC:2961	DYNC1H1	ENSG00000197102	1778	600112	AD	DEE, MCD
HGNC:2962	DYNC2H1	ENSG00000187240	79659	603297	AD	MCD
HGNC:3091	DYRK1A	ENSG00000157540	1859	600855	AD	DEE
HGNC:29419	EARS2	ENSG00000103356	124454	612799	AR	DEE
HGNC:3151	ECHS1	ENSG00000127884	1892	602292	AR	DEE
HGNC:3153	ECM1	ENSG00000143369	1893	602201	AR	DEE
HGNC:3188	EED	ENSG00000074266	8726	605984	AD	DEE
HGNC:3192	EEF1A2	ENSG00000101210	1917	602959	AD	DEE
HGNC:3208	EEF1B2	ENSG00000114942	1933	600655	AR	DEE
HGNC:30858	EFTUD2	ENSG00000108883	9343	603892	AD	DEE
HGNC:24650	EHMT1	ENSG00000181090	79813	607001	AD	DEE
HGNC:9437	EIF2AK2	ENSG00000055332	5610	176871	AD	DEE, MCD
HGNC:3257	EIF2B1	ENSG00000111361	1967	606686	AR	DEE
HGNC:3258	EIF2B2	ENSG00000119718	8892	606454	AR	DEE
HGNC:3259	EIF2B3	ENSG00000070785	8891	606273	AR	DEE
HGNC:3260	EIF2B4	ENSG00000115211	8890	606687	AR	DEE
HGNC:3261	EIF2B5	ENSG00000145191	8893	603945	AR	DEE
HGNC:3267	EIF2S3	ENSG00000130741	1968	300161	XL	DEE
HGNC:3275	EIF3F	ENSG00000175390	8665	603914	AR	DEE
HGNC:3284	EIF4A2	ENSG00000156976	1974	601102	AD/AR	DEE, MCD
HGNC:14415	ELOVL4	ENSG00000118402	6785	605512	AR	DEE
HGNC:28957	EMC1	ENSG00000127463	23065	616846	AR	DEE
HGNC:27609	EMC10	ENSG00000161671	284361	614545	AR	DEE
HGNC:3330	EML1	ENSG00000066629	2009	602033	AR	MCD
HGNC:3372	EOMES	ENSG00000163508	8320	604615	AR	MCD
HGNC:29331	EPG5	ENSG00000152223	57724	615068	AR	DEE
HGNC:3413	EPM2A	ENSG00000112425	7957	607566	AR	PME
HGNC:21056	ERMARD	ENSG00000130023	55780	615532	AD	MCD
HGNC:17474	ESAM	ENSG00000149564	90952	614281	AR	DEE
HGNC:23287	ETHE1	ENSG00000105755	23474	608451	AR	DEE
HGNC:23214	EXOC7	ENSG00000182473	23265	608163	AR	DEE
HGNC:17944	EXOSC3	ENSG00000107371	51010	606489	AR	DEE
HGNC:3513	EXT2	ENSG00000151348	2132	608210	AR	DEE
HGNC:21197	FA2H	ENSG00000103089	79152	611026	AR	DEE
HGNC:26222	FAR1	ENSG00000197601	84188	616107	AR	DEE
HGNC:21062	FARS2	ENSG00000145982	10667	611592	AR	DEE
HGNC:29160	FASTKD2	ENSG00000118246	22868	612322	AR	DEE
HGNC:13601	FBXL4	ENSG00000112234	26235	605654	AR	DEE
HGNC:13590	FBXO11	ENSG00000138081	80204	607871	AD	DEE
HGNC:29046	FBXO28	ENSG00000143756	23219	609100	AD	DEE, PME
HGNC:29500	FCSK	ENSG00000157353	197258	608675	AR	DEE
HGNC:3629	FDFT1	ENSG00000079459	2222	184420	AR	DEE
HGNC:3668	FGF12	ENSG00000114279	2257	601513	AD	DEE
HGNC:3670	FGF13	ENSG00000129682	2258	300070	XL	DEE
HGNC:3690	FGFR3	ENSG00000068078	2261	134934	AD/AR	DEE, MCD
HGNC:3700	FH	ENSG00000091483	2271	136850	AR	MCD
HGNC:16873	FIG4	ENSG00000112367	9896	609390	AR	DEE, MCD
HGNC:17997	FKRP	ENSG00000181027	79147	606596	AR	DEE
HGNC:3622	FKTN	ENSG00000106692	2218	607440	AR	DEE
HGNC:3754	FLNA	ENSG00000196924	2316	300017	XL	MCD
HGNC:3791	FOLR1	ENSG00000110195	2348	136430	AR	DEE
HGNC:3811	FOXG1	ENSG00000176165	2290	164874	AD	DEE
HGNC:3823	FOXP1	ENSG00000114861	27086	605515	AD	DEE
HGNC:26927	FOXRED1	ENSG00000110074	55572	613622	AR	DEE
HGNC:1162	FRA10AC1	ENSG00000148690	118924	608866	AR	DEE
HGNC:28214	FRMD5	ENSG00000171877	84978	616309	AD	DEE
HGNC:1362	FRRS1L	ENSG00000260230	23732	604574	AR	DEE
HGNC:4006	FUCA1	ENSG00000179163	2517	612280	AR	DEE
HGNC:4019	FUT8	ENSG00000033170	2530	602589	AR	DEE
HGNC:24824	FZR1	ENSG00000105325	51343	603619	AD	DEE
HGNC:4507	GABBR2	ENSG00000136928	9568	607340	AD	DEE
HGNC:4075	GABRA1	ENSG00000022355	2554	137160	AD	GGE, DEE
HGNC:4076	GABRA2	ENSG00000151834	2555	137140	AD	DEE
HGNC:4077	GABRA3	ENSG00000011677	2556	305660	XL	DEE
HGNC:4078	GABRA4	ENSG00000109158	2557	137141	AD	DEE
HGNC:4079	GABRA5	ENSG00000186297	2558	137142	AD	GGE, DEE
HGNC:4081	GABRB1	ENSG00000163288	2560	137190	AD	DEE
HGNC:4082	GABRB2	ENSG00000145864	2561	600232	AD	GGE, DEE
HGNC:4083	GABRB3	ENSG00000166206	2562	137192	AD	DEE
HGNC:4084	GABRD	ENSG00000187730	2563	137163	AD	GGE, DEE
HGNC:4087	GABRG2	ENSG00000113327	2566	137164	AD	GGE, DEE
HGNC:4092	GAD1	ENSG00000128683	2571	605363	AR	DEE
HGNC:4115	GALC	ENSG00000054983	2581	606890	AR	DEE
HGNC:4124	GALNT2	ENSG00000143641	2590	602274	AR	DEE
HGNC:4136	GAMT	ENSG00000130005	2593	601240	AR	DEE
HGNC:30778	GATAD2B	ENSG00000143614	57459	614998	AD	DEE
HGNC:4175	GATM	ENSG00000171766	2628	602360	AR	DEE
HGNC:4177	GBA1	ENSG00000177628	2629	606463	AR	DEE, PME
HGNC:4189	GCDH	ENSG00000105607	2639	608801	AR	DEE
HGNC:4193	GCH1	ENSG00000131979	2643	600225	AD/AR	DEE
HGNC:4208	GCSH	ENSG00000140905	2653	238330	AR	DEE
HGNC:4235	GFAP	ENSG00000131095	2670	137780	AD	DEE
HGNC:13780	GFM1	ENSG00000168827	85476	606639	AR	DEE
HGNC:4298	GLB1	ENSG00000170266	2720	611458	AR	DEE
HGNC:4313	GLDC	ENSG00000178445	2731	238300	AR	DEE
HGNC:4319	GLI3	ENSG00000106571	2737	165240	AD	DEE, MCD
HGNC:4331	GLS	ENSG00000115419	2744	138280	AR	DEE
HGNC:4335	GLUD1	ENSG00000148672	2746	138130	AD	DEE
HGNC:4341	GLUL	ENSG00000135821	2752	138290	AR	DEE
HGNC:24247	GLYCTK	ENSG00000168237	132158	610516	AR	DEE
HGNC:4367	GM2A	ENSG00000196743	2760	613109	AR	DEE
HGNC:22923	GMPPA	ENSG00000144591	29926	615495	AR	DEE
HGNC:22932	GMPPB	ENSG00000173540	29925	615320	AR	DEE
HGNC:4384	GNAI1	ENSG00000127955	2770	139310	AD	DEE
HGNC:4389	GNAO1	ENSG00000087258	2775	139311	AD	DEE
HGNC:4396	GNB1	ENSG00000078369	2782	139380	AD	DEE
HGNC:4401	GNB5	ENSG00000069966	10681	604447	AR	DEE
HGNC:4431	GOSR2	ENSG00000108433	9570	604027	AR	PME
HGNC:4433	GOT2	ENSG00000125166	2806	138150	AR	DEE
HGNC:4446	GPAA1	ENSG00000197858	8733	603048	AR	DEE
HGNC:15465	GPHN	ENSG00000171723	10243	603930	AR	DEE
HGNC:29501	GPSM2	ENSG00000121957	29899	609245	AR	MCD
HGNC:18062	GPT2	ENSG00000166123	84706	138210	AR	DEE
HGNC:4571	GRIA1	ENSG00000155511	2890	138248	AD/AR	DEE
HGNC:4572	GRIA2	ENSG00000120251	2891	138247	AD	DEE
HGNC:4573	GRIA3	ENSG00000125675	2892	305915	XL	DEE
HGNC:4574	GRIA4	ENSG00000152578	2893	138246	AD	DEE
HGNC:4580	GRIK2	ENSG00000164418	2898	138244	AD/AR	DEE
HGNC:4584	GRIN1	ENSG00000176884	2902	138249	AD	DEE, MCD
HGNC:4585	GRIN2A	ENSG00000183454	2903	138253	AD/AR	Focal, DEE, MCD
HGNC:4586	GRIN2B	ENSG00000273079	2904	138252	AD	DEE, MCD
HGNC:4588	GRIN2D	ENSG00000105464	2906	602717	AD	DEE
HGNC:4599	GRM7	ENSG00000196277	2917	604101	AR	DEE
HGNC:4601	GRN	ENSG00000030582	2896	138945	AR	PME
HGNC:4624	GSS	ENSG00000100983	2937	601002	AR	DEE
HGNC:4670	GTPBP2	ENSG00000172432	54676	607434	AR	DEE
HGNC:14880	GTPBP3	ENSG00000130299	84705	608536	AR	DEE
HGNC:4764	H3-3A	ENSG00000163041	3020	601128	AD	DEE
HGNC:4765	H3-3B	ENSG00000132475	3021	601058	AD	DEE
HGNC:21033	HACE1	ENSG00000085382	57531	610876	AR	DEE
HGNC:16915	HAX1	ENSG00000143575	10456	605998	AR	DEE, MCD
HGNC:4837	HCCS	ENSG00000004961	3052	300056	XL	DEE
HGNC:4839	HCFC1	ENSG00000172534	3054	300019	XL	DEE
HGNC:4845	HCN1	ENSG00000164588	348980	602780	AD	GGE, DEE
HGNC:4846	HCN2	ENSG00000099822	610	602781	AD	GGE
HGNC:13315	HDAC8	ENSG00000147099	55869	300269	XL	DEE
HGNC:29853	HECW2	ENSG00000138411	57520	617245	AD	DEE
HGNC:26361	HEPACAM	ENSG00000165478	220296	611642	AR	DEE
HGNC:4868	HERC2	ENSG00000128731	8924	605837	AR	DEE
HGNC:4878	HEXA	ENSG00000213614	3073	606869	AR	DEE
HGNC:4879	HEXB	ENSG00000049860	3074	606873	AR	DEE
HGNC:15736	HID1	ENSG00000167861	283987	605752	AR	DEE
HGNC:4921	HIVEP2	ENSG00000010818	3097	143054	AD	DEE
HGNC:4976	HLCS	ENSG00000159267	3141	609018	AR	DEE
HGNC:5005	HMGCL	ENSG00000117305	3155	613898	AR	DEE
HGNC:5042	HNRNPH2	ENSG00000126945	3188	300610	XL	DEE
HGNC:5044	HNRNPK	ENSG00000165119	3190	600712	AD	DEE, MCD
HGNC:5047	HNRNPR	ENSG00000125944	10236	607201	AD	DEE
HGNC:5048	HNRNPU	ENSG00000153187	3192	602869	AD	DEE
HGNC:5099	HOXA1	ENSG00000105991	3198	142955	AR	DEE
HGNC:28242	HPDL	ENSG00000186603	84842	618994	AR	DEE
HGNC:5157	HPRT1	ENSG00000165704	3251	308000	XL	DEE
HGNC:5173	HRAS	ENSG00000174775	3265	190020	AD	DEE
HGNC:5213	HSD17B4	ENSG00000133835	3295	601860	AR	DEE, MCD
HGNC:5261	HSPD1	ENSG00000144381	3329	118190	AD/AR	DEE, MCD
HGNC:14348	HTRA2	ENSG00000115317	27429	606441	AR	DEE
HGNC:4851	HTT	ENSG00000197386	3064	613004	AD	PME
HGNC:29685	IARS2	ENSG00000067704	55699	612801	AR	DEE
HGNC:27302	IBA57	ENSG00000181873	200205	615316	AR	DEE
HGNC:5383	IDH2	ENSG00000182054	3418	147650	AR	DEE
HGNC:18550	IER3IP1	ENSG00000134049	51124	609382	AR	DEE
HGNC:18873	IFIH1	ENSG00000115267	64135	606951	AD	DEE, MCD
HGNC:5961	IKBKG	ENSG00000269335	8517	300248	XL	DEE
HGNC:26048	INTS8	ENSG00000164941	55656	611351	AR	DEE, MCD
HGNC:29059	IQSEC2	ENSG00000124313	23096	300522	XL	DEE
HGNC:14282	IRF2BPL	ENSG00000119669	64207	611720	AD	DEE, PME
HGNC:28660	ISCA1	ENSG00000135070	81689	611006	AR	DEE
HGNC:6158	ITGB4	ENSG00000132470	3691	147557	AD	DEE
HGNC:6176	ITPA	ENSG00000125877	3704	147520	AR	DEE
HGNC:6196	JARID2	ENSG00000008083	3720	601594	AD	DEE
HGNC:12313	JMJD1C	ENSG00000171988	221037	604503	AD	DEE
HGNC:24565	KANSL1	ENSG00000120071	284058	612452	AD	DEE
HGNC:6215	KARS1	ENSG00000065427	3735	601421	AR	DEE
HGNC:5275	KAT5	ENSG00000172977	10524	601409	AD	DEE
HGNC:13013	KAT6A	ENSG00000083168	7994	601408	AD	DEE
HGNC:17933	KAT8	ENSG00000103510	84148	609912	AD	DEE
HGNC:6217	KATNB1	ENSG00000140854	10300	602703	AR	MCD
HGNC:6218	KCNA1	ENSG00000111262	3736	176260	AD	DEE
HGNC:6220	KCNA2	ENSG00000177301	3737	176262	AD	GGE, Focal, DEE, PME
HGNC:6225	KCNA6	ENSG00000151079	3742	176257	AD	Focal, DEE
HGNC:6231	KCNB1	ENSG00000158445	3745	600397	AD	DEE, MCD
HGNC:6233	KCNC1	ENSG00000129159	3746	176258	AD	DEE, PME
HGNC:6234	KCNC2	ENSG00000166006	3747	176256	AD	GGE, DEE
HGNC:6238	KCND2	ENSG00000184408	3751	605410	AD	DEE
HGNC:6239	KCND3	ENSG00000171385	3752	605411	AD	DEE
HGNC:6250	KCNH1	ENSG00000143473	3756	603305	AD	DEE
HGNC:6254	KCNH5	ENSG00000140015	27133	605716	AD	GGE, Focal, DEE
HGNC:6256	KCNJ10	ENSG00000177807	3766	602208	AR	DEE
HGNC:6257	KCNJ11	ENSG00000187486	3767	600937	AD	DEE
HGNC:6279	KCNK4	ENSG00000182450	50801	605720	AD	DEE
HGNC:6284	KCNMA1	ENSG00000156113	3778	600150	AR	DEE
HGNC:6291	KCNN2	ENSG00000080709	3781	605879	AD	DEE
HGNC:6296	KCNQ2	ENSG00000075043	3785	602235	AD	Focal, DEE
HGNC:6297	KCNQ3	ENSG00000184156	3786	602232	AD	Focal, DEE
HGNC:6299	KCNQ5	ENSG00000185760	56479	607357	AD	DEE
HGNC:18865	KCNT1	ENSG00000107147	57582	608167	AD	Focal, DEE
HGNC:18866	KCNT2	ENSG00000162687	343450	610044	AD	DEE
HGNC:21305	KCTD3	ENSG00000136636	51133	613272	AR	DEE
HGNC:21957	KCTD7	ENSG00000243335	154881	611725	AR	PME
HGNC:13610	KDM2B	ENSG00000089094	84678	609078	AD	DEE, MCD
HGNC:29136	KDM4B	ENSG00000127663	23030	609765	AD	DEE, MCD
HGNC:9886	KDM5A	ENSG00000073614	5927	180202	AD	DEE
HGNC:11114	KDM5C	ENSG00000126012	8242	314690	XL	DEE
HGNC:12637	KDM6A	ENSG00000147050	7403	300128	XL	DEE
HGNC:888	KIF1A	ENSG00000130294	547	601255	AD/AR	DEE
HGNC:6318	KIF2A	ENSG00000068796	3796	602591	AD	DEE
HGNC:6323	KIF5A	ENSG00000155980	3798	602821	AD	DEE
HGNC:6324	KIF5B	ENSG00000170759	3799	602809	AD	DEE
HGNC:6325	KIF5C	ENSG00000168280	3800	604593	AD	DEE, MCD
HGNC:23419	KIFBP	ENSG00000198954	26128	609367	AR	DEE, MCD
HGNC:25056	KLHL20	ENSG00000076321	27252	617679	AD	DEE
HGNC:7132	KMT2A	ENSG00000118058	4297	159555	AD	DEE
HGNC:15840	KMT2B	ENSG00000272333	9757	606834	AD	DEE
HGNC:7133	KMT2D	ENSG00000167548	8085	602113	AD	DEE
HGNC:18541	KMT2E	ENSG00000005483	55904	608444	AD	DEE
HGNC:24283	KMT5B	ENSG00000110066	51111	610881	AD	DEE
HGNC:6404	KPTN	ENSG00000118162	11133	615620	AR	DEE
HGNC:1573	KRIT1	ENSG00000001631	889	604214	AD	MCD
HGNC:20499	L2HGDH	ENSG00000087299	79944	609584	AR	DEE
HGNC:6482	LAMA2	ENSG00000196569	3908	156225	AR	DEE, MCD
HGNC:6494	LAMC3	ENSG00000050555	10319	604349	AR	DEE, MCD
HGNC:6511	LARGE1	ENSG00000133424	9215	603590	AR	DEE
HGNC:6512	LARS1	ENSG00000133706	51520	151350	AR	DEE
HGNC:6572	LGI1	ENSG00000108231	9211	604619	AD	Focal
HGNC:16429	LIAS	ENSG00000121897	11019	607031	AR	DEE
HGNC:6600	LIG3	ENSG00000005156	3980	600940	AR	DEE
HGNC:37216	LIPT2	ENSG00000175536	387787	617659	AR	DEE
HGNC:25287	LMBRD2	ENSG00000164187	92255	619490	AD	DEE
HGNC:6638	LMNB2	ENSG00000176619	84823	150341	AR	PME
HGNC:6654	LMX1B	ENSG00000136944	4010	602575	AD	DEE
HGNC:21610	LNPK	ENSG00000144320	80856	610236	AR	DEE
HGNC:1742	LRBA	ENSG00000198589	987	606453	AR	DEE
HGNC:15714	LRPPRC	ENSG00000138095	10128	607544	AR	DEE
HGNC:6708	LSS	ENSG00000160285	4047	600909	AR	DEE
HGNC:1968	LYST	ENSG00000143669	1130	606897	AR	DEE
HGNC:13664	MACF1	ENSG00000127603	23499	608271	AD	DEE, MCD
HGNC:6766	MADD	ENSG00000110514	8567	603584	AR	DEE
HGNC:6776	MAF	ENSG00000178573	4094	177075	AD	DEE
HGNC:6831	MANBA	ENSG00000109323	4126	609489	AR	DEE
HGNC:6836	MAP1B	ENSG00000131711	4131	157129	AD	MCD
HGNC:6840	MAP2K1	ENSG00000169032	5604	176872	AD	DEE
HGNC:6842	MAP2K2	ENSG00000126934	5605	601263	AD	DEE
HGNC:30550	MARCHF6	ENSG00000145495	10299	613297	AD	PME
HGNC:19034	MAST1	ENSG00000105613	22983	612256	AD	DEE, MCD
HGNC:19036	MAST3	ENSG00000099308	23031	612258	AD	DEE, MCD
HGNC:19037	MAST4	ENSG00000069020	375449	618002	AD	DEE
HGNC:20444	MBD5	ENSG00000204406	55777	611472	AD	DEE
HGNC:15505	MBOAT7	ENSG00000125505	79143	606048	AR	DEE
HGNC:6946	MCM3AP	ENSG00000160294	8888	603294	AR	DEE
HGNC:6954	MCPH1	ENSG00000147316	79648	607117	AR	MCD
HGNC:6970	MDH1	ENSG00000014641	4190	154200	AR	DEE
HGNC:6971	MDH2	ENSG00000146701	4191	154100	AR	DEE
HGNC:6990	MECP2	ENSG00000169057	4204	300005	XL	DEE
HGNC:32687	MED11	ENSG00000161920	400569	612383	AR	DEE
HGNC:11957	MED12	ENSG00000184634	9968	300188	XL	Focal, DEE
HGNC:22962	MED13L	ENSG00000123066	23389	608771	AD	DEE
HGNC:2375	MED17	ENSG00000042429	9440	603810	AR	DEE
HGNC:2372	MED23	ENSG00000112282	9439	605042	AR	DEE
HGNC:2377	MED27	ENSG00000160563	9442	605044	AR	DEE
HGNC:6996	MEF2C	ENSG00000081189	4208	600662	AD	DEE
HGNC:24858	MFF	ENSG00000168958	56947	614785	AR	DEE
HGNC:28486	MFSD8	ENSG00000164073	256471	611124	AR	PME
HGNC:7102	MINPP1	ENSG00000107789	9562	605391	AR	DEE, MCD
HGNC:17082	MLC1	ENSG00000100427	23209	605908	AR	DEE
HGNC:24525	MMACHC	ENSG00000132763	25974	609831	AR	DEE
HGNC:25221	MMADHC	ENSG00000168288	27249	611935	AR	DEE
HGNC:7190	MOCS1	ENSG00000124615	4337	603707	AR	DEE
HGNC:7193	MOCS2	ENSG00000164172	4338	603708	AR	DEE
HGNC:24862	MOGS	ENSG00000115275	7841	601336	AR	DEE
HGNC:7207	MPDU1	ENSG00000129255	9526	604041	AR	DEE
HGNC:7414	MT-ATP6	ENSG00000198899	4508	516060	MT	DEE, PME
HGNC:7458	MT-ND3	ENSG00000198840	4537	516002	MT	DEE
HGNC:7489	MT-TK	ENSG00000210156	4566	590060	MT	PME
HGNC:7490	MT-TL1	ENSG00000209082	4567	590050	MT	DEE, PME
HGNC:7436	MTHFR	ENSG00000177000	4524	607093	AR	DEE
HGNC:7437	MTHFS	ENSG00000136371	10588	604197	AR	DEE
HGNC:3942	MTOR	ENSG00000198793	2475	601231	AD	DEE, MCD
HGNC:7468	MTR	ENSG00000116984	4548	156570	AR	DEE
HGNC:23386	MYCBP2	ENSG00000005810	23077	610392	AD	DEE, MCD
HGNC:7623	MYT1L	ENSG00000186487	23040	613084	AD	DEE
HGNC:18704	NAA10	ENSG00000102030	8260	300013	XL	DEE
HGNC:30782	NAA15	ENSG00000164134	80155	608000	AD	DEE
HGNC:20967	NACC1	ENSG00000160877	112939	610672	AD	DEE
HGNC:7632	NAGLU	ENSG00000108784	4669	609701	AR	DEE
HGNC:19082	NALCN	ENSG00000102452	259232	611549	AR	DEE
HGNC:15751	NAPB	ENSG00000125814	63908	611270	AR	DEE
HGNC:7643	NARS1	ENSG00000134440	4677	108410	AD/AR	DEE
HGNC:26274	NARS2	ENSG00000137513	79731	612803	AR	DEE
HGNC:18453	NAXE	ENSG00000163382	128240	608862	AR	DEE
HGNC:7648	NBEA	ENSG00000172915	26960	604889	AD	DEE
HGNC:17597	NCDN	ENSG00000020129	23154	608458	AD/AR	DEE
HGNC:17619	NDE1	ENSG00000072864	54820	609449	AR	DEE, MCD
HGNC:7678	NDP	ENSG00000124479	4693	300658	XL	DEE
HGNC:7680	NDST1	ENSG00000070614	3340	600853	AR	DEE
HGNC:7683	NDUFA1	ENSG00000125356	4694	300078	XL	DEE
HGNC:7684	NDUFA10	ENSG00000130414	4705	603835	AR	DEE
HGNC:20371	NDUFA11	ENSG00000174886	126328	612638	AR	DEE
HGNC:7685	NDUFA2	ENSG00000131495	4695	602137	AR	DEE
HGNC:7690	NDUFA6	ENSG00000184983	4700	602138	AR	DEE
HGNC:28086	NDUFAF2	ENSG00000164182	91942	609653	AR	DEE
HGNC:29918	NDUFAF3	ENSG00000178057	25915	612911	AR	DEE
HGNC:21034	NDUFAF4	ENSG00000123545	29078	611776	AR	DEE
HGNC:15899	NDUFAF5	ENSG00000101247	79133	612360	AR	DEE
HGNC:7707	NDUFS1	ENSG00000023228	4719	157655	AR	DEE
HGNC:7708	NDUFS2	ENSG00000158864	4720	602985	AR	DEE
HGNC:7711	NDUFS4	ENSG00000164258	4724	602694	AR	DEE
HGNC:7713	NDUFS6	ENSG00000145494	4726	603848	AR	DEE
HGNC:7714	NDUFS7	ENSG00000115286	374291	601825	AR	DEE
HGNC:7715	NDUFS8	ENSG00000110717	4728	602141	AR	DEE
HGNC:7716	NDUFV1	ENSG00000167792	4723	161015	AR	DEE
HGNC:24539	NECAP1	ENSG00000089818	25977	611623	AR	DEE
HGNC:7728	NEDD4L	ENSG00000049759	23327	606384	AD	MCD
HGNC:7758	NEU1	ENSG00000204386	4758	608272	AR	PME
HGNC:7763	NEUROD2	ENSG00000171532	4761	601725	AD	DEE
HGNC:29433	NEXMIF	ENSG00000050030	340533	300524	XL	DEE
HGNC:7765	NF1	ENSG00000196712	4763	613113	AD	DEE, MCD
HGNC:17646	NGLY1	ENSG00000151092	55768	610661	AR	DEE
HGNC:21576	NHLRC1	ENSG00000187566	378884	608072	AR	PME
HGNC:24731	NHLRC2	ENSG00000196865	374354	618277	AR	DEE
HGNC:7887	NOVA2	ENSG00000104967	4858	601991	AD	DEE
HGNC:7897	NPC1	ENSG00000141458	4864	607623	AR	DEE
HGNC:14537	NPC2	ENSG00000119655	10577	601015	AR	DEE
HGNC:24969	NPRL2	ENSG00000114388	10641	607072	AD	Focal, MCD
HGNC:14124	NPRL3	ENSG00000103148	8131	600928	AD	Focal, MCD
HGNC:7975	NR2F1	ENSG00000175745	7025	132890	AD	DEE
HGNC:7981	NR4A2	ENSG00000153234	4929	601828	AD	DEE
HGNC:7989	NRAS	ENSG00000213281	4893	164790	AD	DEE
HGNC:24613	NRROS	ENSG00000174004	375387	615322	AR	DEE
HGNC:8008	NRXN1	ENSG00000179915	9378	600565	AR	DEE
HGNC:14234	NSD1	ENSG00000165671	64324	606681	AD	DEE
HGNC:13398	NSDHL	ENSG00000147383	50814	300275	XL	DEE, MCD
HGNC:8016	NSF	ENSG00000073969	4905	601633	AD	DEE
HGNC:25305	NSRP1	ENSG00000126653	84081	616173	AR	DEE
HGNC:8032	NTRK2	ENSG00000148053	4915	600456	AD	DEE
HGNC:20278	NUBPL	ENSG00000151413	80224	613621	AR	DEE
HGNC:8064	NUP214	ENSG00000126883	8021	114350	AR	DEE
HGNC:21042	NUS1	ENSG00000153989	116150	610463	AD	DEE, PME
HGNC:8104	OCLN	ENSG00000197822	100506658	602876	AR	DEE, MCD
HGNC:8108	OCRL	ENSG00000122126	4952	300535	XL	DEE
HGNC:2567	OFD1	ENSG00000046651	8481	300170	XL	MCD
HGNC:25590	OGDHL	ENSG00000197444	55753	617513	AR	DEE
HGNC:8148	OPHN1	ENSG00000079482	4983	300127	XL	DEE
HGNC:18028	OSGEP	ENSG00000092094	55644	610107	AR	DEE
HGNC:25402	OTUD5	ENSG00000068308	55593	300713	XL	DEE
HGNC:24281	OTUD6B	ENSG00000155100	51633	612021	AR	DEE
HGNC:8522	OTX2	ENSG00000165588	5015	600037	AD	DEE
HGNC:15822	OXR1	ENSG00000164830	55074	605609	AR	DEE
HGNC:28858	P4HTM	ENSG00000178467	54681	614584	AR	DEE
HGNC:30032	PACS1	ENSG00000175115	55690	607492	AD	DEE
HGNC:23794	PACS2	ENSG00000179364	23241	610423	AD	DEE
HGNC:8574	PAFAH1B1	ENSG00000007168	5048	601545	AD	MCD
HGNC:8582	PAH	ENSG00000171759	5053	612349	AR	DEE
HGNC:8590	PAK1	ENSG00000149269	5058	602590	AD	DEE
HGNC:8591	PAK2	ENSG00000180370	5062	605022	AD	MCD
HGNC:8592	PAK3	ENSG00000077264	5063	300142	XL	DEE
HGNC:15894	PANK2	ENSG00000125779	80025	606157	AR	DEE
HGNC:26921	PARP6	ENSG00000137817	56965	619439	AD	DEE
HGNC:30563	PARS2	ENSG00000162396	25973	612036	AR	DEE
HGNC:8620	PAX6	ENSG00000007372	5080	607108	AD	MCD
HGNC:8653	PCCA	ENSG00000175198	5095	232000	AR	DEE
HGNC:8654	PCCB	ENSG00000114054	5096	232050	AR	DEE
HGNC:8657	PCDH12	ENSG00000113555	51294	605622	AR	DEE
HGNC:14270	PCDH19	ENSG00000165194	57526	300460	XL	Focal, DEE
HGNC:8717	PCDHGC4	ENSG00000242419	56098	606305	AR	DEE
HGNC:13406	PCLO	ENSG00000186472	27445	604918	AR	DEE, MCD
HGNC:8756	PCYT2	ENSG00000185813	5833	602679	AR	DEE
HGNC:8761	PDCD10	ENSG00000114209	11235	609118	AD	MCD
HGNC:8777	PDE2A	ENSG00000186642	5138	602658	AR	DEE
HGNC:8806	PDHA1	ENSG00000131828	5160	300502	XL	DEE
HGNC:21350	PDHX	ENSG00000110435	8050	608769	AR	DEE
HGNC:23041	PDSS2	ENSG00000164494	57107	610564	AR	DEE
HGNC:40038	PET100	ENSG00000229833	100131801	614770	AR	DEE
HGNC:8850	PEX1	ENSG00000127980	5189	602136	AR	DEE
HGNC:8851	PEX10	ENSG00000157911	5192	602859	AR	DEE
HGNC:8854	PEX12	ENSG00000108733	5193	601758	AR	DEE
HGNC:8855	PEX13	ENSG00000162928	5194	601789	AR	DEE
HGNC:9713	PEX19	ENSG00000162735	5824	600279	AR	DEE, PME
HGNC:9717	PEX2	ENSG00000164751	5828	170993	AR	DEE
HGNC:22965	PEX26	ENSG00000215193	55670	608666	AR	DEE
HGNC:8858	PEX3	ENSG00000034693	8504	603164	AR	DEE
HGNC:9719	PEX5	ENSG00000139197	5830	600414	AR	DEE
HGNC:8859	PEX6	ENSG00000124587	5190	601498	AR	DEE
HGNC:8860	PEX7	ENSG00000112357	5191	601757	AR	DEE
HGNC:17893	PGAP2	ENSG00000148985	27315	615187	AR	DEE
HGNC:23719	PGAP3	ENSG00000161395	93210	611801	AR	DEE
HGNC:8896	PGK1	ENSG00000102144	5230	311800	XL	DEE
HGNC:20990	PHACTR1	ENSG00000112137	221692	608723	AD	DEE
HGNC:24156	PHF21A	ENSG00000135365	51317	608325	AD	DEE
HGNC:18145	PHF6	ENSG00000156531	84295	300414	XL	DEE
HGNC:8923	PHGDH	ENSG00000092621	26227	606879	AR	DEE
HGNC:30031	PI4K2A	ENSG00000155252	55361	609763	AR	DEE
HGNC:16491	PIDD1	ENSG00000177595	55367	605247	AR	DEE, MCD
HGNC:8957	PIGA	ENSG00000165195	5277	311770	XL	DEE
HGNC:8959	PIGB	ENSG00000069943	9488	604122	AR	DEE
HGNC:8960	PIGC	ENSG00000135845	5279	601730	AR	DEE
HGNC:8962	PIGF	ENSG00000151665	5281	600153	AR	DEE
HGNC:25985	PIGG	ENSG00000174227	54872	616918	AR	DEE
HGNC:8964	PIGH	ENSG00000100564	5283	600154	AR	DEE
HGNC:8965	PIGK	ENSG00000142892	10026	605087	AR	DEE
HGNC:8966	PIGL	ENSG00000108474	9487	605947	AR	DEE
HGNC:18858	PIGM	ENSG00000143315	93183	610273	AR	DEE
HGNC:8967	PIGN	ENSG00000197563	23556	606097	AR	DEE
HGNC:23215	PIGO	ENSG00000165282	84720	614730	AR	DEE
HGNC:3046	PIGP	ENSG00000185808	51227	605938	AR	DEE
HGNC:14135	PIGQ	ENSG00000007541	9091	605754	AR	DEE
HGNC:14937	PIGS	ENSG00000087111	94005	610271	AR	DEE
HGNC:14938	PIGT	ENSG00000124155	51604	610272	AR	DEE
HGNC:15791	PIGU	ENSG00000101464	128869	608528	AR	DEE
HGNC:26031	PIGV	ENSG00000060642	55650	610274	AR	DEE
HGNC:23213	PIGW	ENSG00000277161	284098	610275	AR	DEE
HGNC:8972	PIK3C2B	ENSG00000133056	5287	602838	AD	Focal, MCD
HGNC:8975	PIK3CA	ENSG00000121879	5290	171834	AD	MCD
HGNC:8980	PIK3R2	ENSG00000105647	5296	603157	AD	MCD
HGNC:14581	PINK1	ENSG00000158828	65018	608309	AR	DEE
HGNC:8996	PIP5K1C	ENSG00000186111	23396	606102	AD	DEE
HGNC:9039	PLA2G6	ENSG00000184381	8398	603604	AR	DEE
HGNC:9043	PLAA	ENSG00000137055	9373	603873	AR	DEE
HGNC:15917	PLCB1	ENSG00000182621	23236	607120	AR	DEE
HGNC:9077	PLK1	ENSG00000166851	5347	602098	AR	DEE
HGNC:9086	PLP1	ENSG00000123560	5354	300401	XL	DEE, MCD
HGNC:9457	PLPBP	ENSG00000147471	11212	604436	AR	DEE
HGNC:9099	PLXNA1	ENSG00000114554	5361	601055	AD/AR	DEE
HGNC:9106	PLXNC1	ENSG00000136040	10154	604259	AD	MCD
HGNC:9115	PMM2	ENSG00000140650	5373	601785	AR	DEE
HGNC:9119	PMPCB	ENSG00000105819	9512	603131	AR	DEE
HGNC:9154	PNKP	ENSG00000039650	11284	605610	AR	DEE
HGNC:28900	PNPLA8	ENSG00000135241	50640	612123	AR	DEE
HGNC:30260	PNPO	ENSG00000108439	55163	603287	AR	DEE
HGNC:23166	PNPT1	ENSG00000138035	87178	610316	AR	DEE, MCD
HGNC:18801	POGZ	ENSG00000143442	23126	614787	AD	DEE
HGNC:9179	POLG	ENSG00000140521	5428	174763	AR	DEE, PME
HGNC:9180	POLG2	ENSG00000256525	11232	604983	AD/AR	DEE
HGNC:17264	POLR1A	ENSG00000068654	25885	616404	AD	DEE
HGNC:30348	POLR3B	ENSG00000013503	55703	614366	AD	DEE
HGNC:19139	POMGNT1	ENSG00000085998	55624	606822	AR	DEE
HGNC:25902	POMGNT2	ENSG00000144647	84892	614828	AR	DEE, MCD
HGNC:26267	POMK	ENSG00000185900	84197	615247	AR	DEE, MCD
HGNC:9202	POMT1	ENSG00000130714	10585	607423	AR	DEE
HGNC:19743	POMT2	ENSG00000009830	29954	607439	AR	DEE
HGNC:9216	POU3F3	ENSG00000198914	5455	602480	AD	DEE, MCD
HGNC:9249	PPFIBP1	ENSG00000110841	8496	603141	AR	DEE
HGNC:9260	PPIL1	ENSG00000137168	51645	601301	AR	DEE, MCD
HGNC:9299	PPP2CA	ENSG00000113575	5515	176915	AD	DEE, MCD
HGNC:9302	PPP2R1A	ENSG00000105568	5518	605983	AD	DEE
HGNC:9312	PPP2R5D	ENSG00000112640	5528	601646	AD	DEE
HGNC:9314	PPP3CA	ENSG00000138814	5530	114105	AD	DEE
HGNC:9325	PPT1	ENSG00000131238	5538	600722	AR	PME
HGNC:13993	PRDM8	ENSG00000152784	56978	616639	AR	PME
HGNC:18319	PRIMA1	ENSG00000175785	145270	613851	AR	Focal
HGNC:25557	PRMT7	ENSG00000132600	54496	610087	AR	DEE
HGNC:9449	PRNP	ENSG00000171867	5621	176640	AD	PME
HGNC:9453	PRODH	ENSG00000100033	5625	606810	AR	DEE
HGNC:17340	PRPF8	ENSG00000174231	10594	607300	AD	DEE
HGNC:30500	PRRT2	ENSG00000167371	112476	614386	AD/AR	Focal, DEE
HGNC:13420	PRUNE1	ENSG00000143363	58497	617413	AR	DEE
HGNC:9498	PSAP	ENSG00000197746	5660	176801	AR	DEE
HGNC:19129	PSAT1	ENSG00000135069	29968	610936	AR	DEE
HGNC:9577	PSPH	ENSG00000146733	5723	172480	AR	DEE
HGNC:9583	PTBP1	ENSG00000011304	5725	600693	AR	DEE
HGNC:9585	PTCH1	ENSG00000185920	5727	601309	AD	DEE, MCD
HGNC:9588	PTEN	ENSG00000171862	5728	601728	AD	MCD
HGNC:23734	PTF1A	ENSG00000168267	256297	607194	AR	DEE
HGNC:14406	PTPN23	ENSG00000076201	25930	606584	AR	DEE
HGNC:9689	PTS	ENSG00000150787	5805	612719	AR	DEE
HGNC:17042	PUF60	ENSG00000179950	22827	604819	AD	DEE
HGNC:14957	PUM1	ENSG00000134644	9698	607204	AD	DEE
HGNC:9701	PURA	ENSG00000185129	5813	600473	AD	DEE
HGNC:25461	PUS3	ENSG00000110060	83480	616283	AR	DEE, MCD
HGNC:9751	QARS1	ENSG00000172053	5859	603727	AR	DEE
HGNC:9752	QDPR	ENSG00000151552	5860	612676	AR	DEE
HGNC:9760	RAB11A	ENSG00000103769	8766	605570	AD	DEE
HGNC:9761	RAB11B	ENSG00000185236	9230	604198	AD	DEE, MCD
HGNC:14244	RAB18	ENSG00000099246	22931	602207	AR	DEE, MCD
HGNC:16499	RAB39B	ENSG00000155961	116442	300774	XL	DEE
HGNC:17063	RAB3GAP1	ENSG00000115839	22930	602536	AR	DEE, MCD
HGNC:17168	RAB3GAP2	ENSG00000118873	25782	609275	AR	DEE, MCD
HGNC:9785	RAB5C	ENSG00000108774	5878	604037	AD	DEE
HGNC:17155	RABGAP1	ENSG00000011454	23637	615882	AR	DEE
HGNC:9803	RAC3	ENSG00000169750	5881	602050	AD	DEE, MCD
HGNC:9834	RAI1	ENSG00000108557	10743	607642	AD	DEE
HGNC:9839	RALA	ENSG00000006451	5898	179550	AD	DEE
HGNC:17770	RALGAPA1	ENSG00000174373	253959	608884	AR	DEE
HGNC:9848	RANBP2	ENSG00000153201	5903	601181	AD	DEE
HGNC:16854	RAPGEF2	ENSG00000109756	9693	609530	AD	PME
HGNC:21406	RARS2	ENSG00000146282	57038	611524	AR	DEE, PME
HGNC:9957	RELN	ENSG00000189056	5649	600514	AD/AR	Focal, MCD
HGNC:9965	RERE	ENSG00000142599	473	605226	AD	DEE
HGNC:30220	RFT1	ENSG00000163933	91869	611908	AR	DEE
HGNC:18756	RHOBTB2	ENSG00000008853	23221	607352	AD/AR	DEE
HGNC:21176	RMND1	ENSG00000155906	55005	614917	AR	DEE
HGNC:18518	RNASEH2A	ENSG00000104889	10535	606034	AR	DEE, MCD
HGNC:25671	RNASEH2B	ENSG00000136104	79621	610326	AR	DEE, MCD
HGNC:24116	RNASEH2C	ENSG00000172922	84153	610330	AR	DEE, MCD
HGNC:21686	RNASET2	ENSG00000026297	8635	612944	AR	DEE
HGNC:12974	RNF113A	ENSG00000125352	7737	300951	XL	DEE
HGNC:10057	RNF13	ENSG00000082996	11342	609247	AD	DEE
HGNC:34016	RNU4ATAC	ENSG00000264229	100151683	601428	AR	DEE
HGNC:29478	ROGDI	ENSG00000067836	79641	614574	AR	DEE
HGNC:10258	RORA	ENSG00000069667	6095	600825	AD	DEE
HGNC:10259	RORB	ENSG00000198963	6096	601972	AD	GGE, DEE
HGNC:17056	RPH3A	ENSG00000089169	22895	612159	AD	DEE
HGNC:10297	RPIA	ENSG00000153574	22934	180430	AR	DEE, MCD
HGNC:10432	RPS6KA3	ENSG00000177189	6197	300075	XL	DEE
HGNC:17296	RRM2B	ENSG00000048392	50484	604712	AR	DEE
HGNC:18647	RTN4IP1	ENSG00000130347	84816	610502	AR	DEE
HGNC:18654	RTTN	ENSG00000176225	25914	610436	AR	MCD
HGNC:23625	RUSC2	ENSG00000198853	9853	611053	AR	DEE
HGNC:13530	RXYLT1	ENSG00000118600	10329	605862	AR	DEE, MCD
HGNC:10485	RYR3	ENSG00000198838	6263	180903	AD	DEE
HGNC:10519	SACS	ENSG00000151835	26278	604490	AR	PME
HGNC:31750	SAMD12	ENSG00000177570	401474	618073	AD	PME
HGNC:15925	SAMHD1	ENSG00000101347	25939	606754	AR	DEE
HGNC:10541	SATB1	ENSG00000182568	6304	602075	AD	DEE
HGNC:21637	SATB2	ENSG00000119042	23314	608148	AD	DEE
HGNC:19304	SCAF4	ENSG00000156304	57466	616023	AD	DEE
HGNC:30386	SCAMP5	ENSG00000198794	192683	613766	AD	DEE
HGNC:1665	SCARB2	ENSG00000138760	950	602257	AR	PME
HGNC:10582	SCN10A	ENSG00000185313	6336	604427	AR	DEE
HGNC:10585	SCN1A	ENSG00000144285	6323	182389	AD	GGE, Focal, DEE
HGNC:10586	SCN1B	ENSG00000105711	6324	600235	AD/AR	GGE, Focal, DEE
HGNC:10588	SCN2A	ENSG00000136531	6326	182390	AD	GGE, Focal, DEE
HGNC:10590	SCN3A	ENSG00000153253	6328	182391	AD	DEE, MCD
HGNC:10596	SCN8A	ENSG00000196876	6334	600702	AD	Focal, DEE, PME
HGNC:10603	SCO1	ENSG00000133028	6341	603644	AR	DEE
HGNC:10604	SCO2	ENSG00000284194	9997	604272	AR	DEE
HGNC:10680	SDHA	ENSG00000073578	6389	600857	AR	DEE
HGNC:10739	SEMA6B	ENSG00000167680	10501	608873	AD	DEE, PME
HGNC:30605	SEPSECS	ENSG00000109618	51091	613009	AR	DEE
HGNC:21061	SERAC1	ENSG00000122335	84947	614725	AR	DEE
HGNC:8943	SERPINI1	ENSG00000163536	5274	602445	AD	PME
HGNC:15573	SETBP1	ENSG00000152217	26040	611060	AD	DEE
HGNC:29010	SETD1A	ENSG00000099381	9739	611052	AD	DEE
HGNC:29187	SETD1B	ENSG00000139718	23067	611055	AD	DEE
HGNC:25566	SETD5	ENSG00000168137	55209	615743	AD	DEE
HGNC:10818	SGSH	ENSG00000181523	6448	605270	AR	DEE
HGNC:14294	SHANK3	ENSG00000251322	85358	606230	AD	DEE
HGNC:10848	SHH	ENSG00000164690	6469	600725	AD	DEE, MCD
HGNC:11142	SIK1	ENSG00000142178	150094	605705	AD	DEE
HGNC:10889	SIX3	ENSG00000138083	6496	603714	AD	DEE, MCD
HGNC:13818	SLC12A5	ENSG00000124140	57468	606726	AR	DEE
HGNC:23089	SLC13A5	ENSG00000141485	284111	608305	AR	DEE
HGNC:10923	SLC16A2	ENSG00000147100	6567	300095	XL	DEE
HGNC:16266	SLC19A3	ENSG00000135917	80704	606152	AR	DEE
HGNC:10940	SLC1A2	ENSG00000110436	6506	600300	AD/AR	DEE
HGNC:10942	SLC1A4	ENSG00000115902	6509	600229	AR	DEE
HGNC:10969	SLC22A5	ENSG00000197375	6584	603377	AR	DEE
HGNC:10979	SLC25A1	ENSG00000100075	6576	190315	AR	DEE
HGNC:10982	SLC25A12	ENSG00000115840	8604	603667	AR	DEE
HGNC:19954	SLC25A22	ENSG00000177542	79751	609302	AR	DEE
HGNC:11005	SLC2A1	ENSG00000117394	6513	138140	AD	GGE, Focal, DEE
HGNC:11018	SLC32A1	ENSG00000101438	140679	616440	AD	GGE, Focal, DEE
HGNC:11021	SLC35A1	ENSG00000164414	10559	605634	AR	DEE
HGNC:11022	SLC35A2	ENSG00000102100	7355	314375	XL	DEE, MCD
HGNC:11023	SLC35A3	ENSG00000117620	23443	605632	AR	DEE
HGNC:18044	SLC38A3	ENSG00000188338	10991	604437	AR	DEE
HGNC:20862	SLC39A8	ENSG00000138821	64116	608732	AR	DEE
HGNC:17939	SLC45A1	ENSG00000162426	50651	605763	AR	DEE
HGNC:30521	SLC46A1	ENSG00000076351	113235	611672	AR	DEE
HGNC:13811	SLC4A10	ENSG00000144290	57282	605556	AR	DEE
HGNC:11041	SLC5A6	ENSG00000138074	8884	604024	AR	DEE
HGNC:11042	SLC6A1	ENSG00000157103	6529	137165	AD	GGE, Focal, DEE
HGNC:11055	SLC6A8	ENSG00000130821	6535	300036	XL	DEE
HGNC:25807	SLC7A6OS	ENSG00000103061	84138	619192	AR	PME
HGNC:11079	SLC9A6	ENSG00000198689	10479	300231	XL	DEE
HGNC:11098	SMARCA2	ENSG00000080503	6595	600014	AD	DEE
HGNC:11100	SMARCA4	ENSG00000127616	6597	603254	AD	DEE
HGNC:11103	SMARCB1	ENSG00000099956	6598	601607	AD	DEE
HGNC:11105	SMARCC2	ENSG00000139613	6601	601734	AD	DEE
HGNC:11109	SMARCE1	ENSG00000073584	6605	603111	AD	DEE
HGNC:11111	SMC1A	ENSG00000072501	8243	300040	XL	DEE
HGNC:11123	SMS	ENSG00000102172	6611	300105	XL	DEE
HGNC:11132	SNAP25	ENSG00000132639	6616	600322	AD	DEE
HGNC:11133	SNAP29	ENSG00000099940	9342	604202	AR	DEE, MCD
HGNC:30587	SNIP1	ENSG00000163877	79753	608241	AR	DEE
HGNC:32952	SNORD118	ENSG00000200463	727676	616663	AR	DEE, MCD
HGNC:20073	SNX27	ENSG00000143376	81609	611541	AR	DEE
HGNC:11183	SON	ENSG00000159140	6651	182465	AD	DEE, MCD
HGNC:11191	SOX11	ENSG00000176887	6664	600898	AD	DEE
HGNC:11195	SOX2	ENSG00000181449	6657	184429	AD	DEE, MCD
HGNC:11257	SPR	ENSG00000116096	6697	182125	AR	DEE
HGNC:11273	SPTAN1	ENSG00000197694	6709	182810	AD	DEE
HGNC:11275	SPTBN1	ENSG00000115306	6711	182790	AD	DEE
HGNC:14896	SPTBN4	ENSG00000160460	57731	606214	AR	DEE
HGNC:16974	SRCAP	ENSG00000080603	10847	611421	AD	DEE
HGNC:10866	ST3GAL3	ENSG00000126091	6487	606494	AR	DEE
HGNC:10872	ST3GAL5	ENSG00000115525	8869	604402	AR	DEE
HGNC:11354	STAG1	ENSG00000118007	10274	604358	AD	DEE
HGNC:16950	STAMBP	ENSG00000124356	10617	606247	AR	DEE, MCD
HGNC:18063	STARD7	ENSG00000084090	56910	616712	AD	PME
HGNC:26239	STEEP1	ENSG00000018610	63932	301012	XL	DEE
HGNC:30172	STRADA	ENSG00000266173	92335	608626	AR	DEE, MCD
HGNC:11433	STX1A	ENSG00000106089	6804	186590	AD/AR	DEE
HGNC:18539	STX1B	ENSG00000099365	112755	601485	AD	GGE, Focal, DEE
HGNC:11444	STXBP1	ENSG00000136854	6812	602926	AD	DEE
HGNC:11448	SUCLA2	ENSG00000136143	8803	603921	AR	DEE
HGNC:11449	SUCLG1	ENSG00000163541	8802	611224	AR	DEE
HGNC:20376	SUMF1	ENSG00000144455	285362	607939	AR	DEE
HGNC:11460	SUOX	ENSG00000139531	6821	606887	AR	DEE
HGNC:11474	SURF1	ENSG00000148290	6834	185620	AR	DEE
HGNC:11494	SYN1	ENSG00000008056	6853	313440	XL	Focal, DEE
HGNC:17089	SYNE1	ENSG00000131018	23345	608441	AR	PME
HGNC:11497	SYNGAP1	ENSG00000197283	8831	603384	AD	DEE
HGNC:11503	SYNJ1	ENSG00000159082	8867	604297	AR	DEE
HGNC:29040	SZT2	ENSG00000198198	23334	615463	AR	DEE
HGNC:11534	TAF1C	ENSG00000103168	9013	604905	AR	DEE
HGNC:17300	TAF8	ENSG00000137413	129685	609514	AR	DEE
HGNC:30212	TANC2	ENSG00000170921	26115	615047	AD	DEE
HGNC:25439	TANGO2	ENSG00000183597	128989	616830	AR	DEE
HGNC:29259	TAOK1	ENSG00000160551	57551	610266	AD	DEE
HGNC:30740	TARS2	ENSG00000143374	80222	612805	AR	DEE
HGNC:16133	TBC1D20	ENSG00000125875	128637	611663	AR	DEE, MCD
HGNC:29203	TBC1D24	ENSG00000162065	57465	613577	AR	Focal, DEE, PME
HGNC:29183	TBC1D2B	ENSG00000167202	23102	619152	AR	DEE
HGNC:21066	TBC1D7	ENSG00000145979	51256	612655	AR	DEE, MCD
HGNC:11581	TBCD	ENSG00000141556	6904	604649	AR	DEE
HGNC:28261	TBCK	ENSG00000145348	93627	616899	AR	DEE
HGNC:29529	TBL1XR1	ENSG00000177565	79718	608628	AD	DEE
HGNC:11596	TBX19	ENSG00000143178	9095	604614	AR	DEE
HGNC:11616	TCEAL1	ENSG00000172465	9338	300237	XL	DEE
HGNC:11634	TCF4	ENSG00000196628	6925	602272	AD	DEE
HGNC:17768	TDP2	ENSG00000111802	51567	605764	AR	DEE
HGNC:29099	TELO2	ENSG00000100726	9894	611140	AR	DEE, MCD
HGNC:28313	TET3	ENSG00000187605	200424	613555	AD/AR	DEE
HGNC:11752	TFE3	ENSG00000068323	7030	314310	XL	DEE
HGNC:11776	TGIF1	ENSG00000177426	7050	602630	AD	DEE, MCD
HGNC:26053	THG1L	ENSG00000113272	54974	618802	AR	DEE
HGNC:19073	THOC2	ENSG00000125676	57187	300395	XL	DEE
HGNC:11805	TIAM1	ENSG00000156299	7074	600687	AR	DEE
HGNC:23656	TIMM50	ENSG00000105197	92609	607381	AR	DEE
HGNC:11831	TK2	ENSG00000166548	7084	188250	AR	DEE
HGNC:11842	TLK2	ENSG00000146872	11011	608439	AD	DEE
HGNC:22407	TMEM106B	ENSG00000106460	54664	613413	AD	DEE, MCD
HGNC:25363	TMEM222	ENSG00000186501	84065	619469	AR	DEE
HGNC:17735	TMEM63B	ENSG00000137216	55362	619952	AD	DEE
HGNC:26050	TMEM70	ENSG00000175606	54968	612418	AR	DEE
HGNC:26899	TMTC3	ENSG00000139324	160418	617218	AR	DEE, MCD
HGNC:30739	TMX2	ENSG00000213593	51075	616715	AR	DEE, MCD
HGNC:19297	TNK2	ENSG00000061938	10188	606994	AR	DEE
HGNC:19998	TNPO2	ENSG00000105576	30000	603002	AD	DEE
HGNC:11969	TNRC6A	ENSG00000090905	27327	610739	AD	PME
HGNC:17358	TPK1	ENSG00000196511	27010	606370	AR	DEE
HGNC:2073	TPP1	ENSG00000166340	1200	607998	AR	PME
HGNC:10781	TRA2B	ENSG00000136527	6434	602719	AD	DEE, MCD
HGNC:20456	TRAF7	ENSG00000131653	84231	606692	AD	DEE
HGNC:29947	TRAK1	ENSG00000182606	22906	608112	AR	DEE
HGNC:11868	TRAPPC10	ENSG00000160218	7109	602103	AR	DEE
HGNC:25751	TRAPPC11	ENSG00000168538	60684	614138	AR	DEE
HGNC:24284	TRAPPC12	ENSG00000171853	51112	614139	AR	DEE
HGNC:19943	TRAPPC4	ENSG00000196655	51399	610971	AR	DEE
HGNC:23066	TRAPPC6B	ENSG00000182400	122553	610397	AR	DEE
HGNC:17761	TREM2	ENSG00000095970	54209	605086	AR	DEE
HGNC:12269	TREX1	ENSG00000213689	11277	606609	AR	DEE
HGNC:15579	TRIM8	ENSG00000171206	81603	606125	AD	DEE
HGNC:12303	TRIO	ENSG00000038382	7204	601893	AD	DEE
HGNC:12306	TRIP12	ENSG00000153827	9320	604506	AD	DEE
HGNC:20286	TRIT1	ENSG00000043514	54802	617840	AR	DEE
HGNC:25980	TRMT1	ENSG00000104907	55621	611669	AR	DEE
HGNC:28403	TRMT10A	ENSG00000145331	93587	616013	AR	DEE
HGNC:17992	TRPM3	ENSG00000083067	80036	608961	AD	DEE
HGNC:17995	TRPM6	ENSG00000119121	140803	607009	AR	DEE
HGNC:12347	TRRAP	ENSG00000196367	8295	603015	AD	DEE
HGNC:12362	TSC1	ENSG00000165699	7248	605284	AD	Focal, MCD
HGNC:12363	TSC2	ENSG00000103197	7249	191092	AD	Focal, MCD
HGNC:16791	TSEN15	ENSG00000198860	116461	608756	AR	DEE, MCD
HGNC:28422	TSEN2	ENSG00000154743	80746	608753	AR	DEE, MCD
HGNC:15506	TSEN34	ENSG00000170892	79042	608754	AR	DEE, MCD
HGNC:27561	TSEN54	ENSG00000182173	283989	608755	AR	DEE, MCD
HGNC:12367	TSFM	ENSG00000123297	10102	604723	AR	DEE
HGNC:12382	TSPYL1	ENSG00000189241	7259	604714	AR	DEE
HGNC:19274	TTC5	ENSG00000136319	91875	619014	AR	DEE
HGNC:20766	TUBA1A	ENSG00000167552	7846	602529	AD	MCD
HGNC:12410	TUBA8	ENSG00000183785	51807	605742	AR	DEE, MCD
HGNC:20778	TUBB	ENSG00000196230	203068	191130	AD	DEE, MCD
HGNC:12412	TUBB2A	ENSG00000137267	7280	615101	AD	DEE, MCD
HGNC:30829	TUBB2B	ENSG00000137285	347733	612850	AD	MCD
HGNC:20772	TUBB3	ENSG00000258947	10381	602661	AD	MCD
HGNC:20774	TUBB4A	ENSG00000104833	10382	602662	AD	MCD
HGNC:12417	TUBG1	ENSG00000131462	7283	191135	AD	DEE, MCD
HGNC:18599	TUBGCP2	ENSG00000130640	10844	617817	AR	DEE, MCD
HGNC:18127	TUBGCP6	ENSG00000128159	85378	610053	AR	DEE
HGNC:1160	TWNK	ENSG00000107815	56652	606075	AR	DEE
HGNC:23156	U2AF2	ENSG00000063244	11338	191318	AD	DEE
HGNC:23230	UBA5	ENSG00000081307	79876	610552	AR	DEE
HGNC:29877	UBAP2L	ENSG00000143569	9898	616472	AD	DEE
HGNC:12472	UBE2A	ENSG00000077721	7319	312180	XL	DEE
HGNC:12496	UBE3A	ENSG00000114062	7337	601623	AD	DEE
HGNC:20344	UBR7	ENSG00000012963	55148	613816	AR	DEE
HGNC:12511	UBTF	ENSG00000108312	7343	600673	AD	DEE
HGNC:20597	UFM1	ENSG00000120686	51569	610553	AR	DEE, MCD
HGNC:25640	UFSP2	ENSG00000109775	55325	611482	AR	DEE
HGNC:12525	UGDH	ENSG00000109814	7358	603370	AR	DEE
HGNC:15663	UGGT1	ENSG00000136731	56886	605897	AD	MCD
HGNC:12527	UGP2	ENSG00000169764	7360	191760	AR	DEE
HGNC:12563	UMPS	ENSG00000114491	7372	613891	AR	DEE
HGNC:19966	UNC79	ENSG00000133958	57578	616884	AD	GGE, DEE
HGNC:26582	UNC80	ENSG00000144406	285175	612636	AR	DEE
HGNC:12616	USP18	ENSG00000184979	11274	607057	AR	DEE
HGNC:12643	VAMP2	ENSG00000220205	6844	185881	AD	DEE
HGNC:12651	VARS1	ENSG00000204394	7407	192150	AR	DEE
HGNC:21642	VARS2	ENSG00000137411	57176	612802	AR	DEE
HGNC:12698	VLDLR	ENSG00000147852	7436	192977	AR	MCD
HGNC:14583	VPS11	ENSG00000160695	55823	608549	AR	DEE, MCD
HGNC:1908	VPS13A	ENSG00000197969	23230	605978	AR	Focal
HGNC:23595	VPS13D	ENSG00000048707	55187	608877	AR	DEE, MCD
HGNC:13488	VPS4A	ENSG00000132612	27183	609982	AD	DEE
HGNC:17327	WAC	ENSG00000095787	51322	615049	AD	DEE
HGNC:12730	WARS2	ENSG00000116874	10352	604733	AR	DEE
HGNC:12732	WASF1	ENSG00000112290	8936	605035	AD	DEE
HGNC:29174	WASHC4	ENSG00000136051	23325	615748	AR	DEE
HGNC:20751	WDFY3	ENSG00000163625	23001	617485	AD	DEE
HGNC:21208	WDR26	ENSG00000162923	80232	617424	AD	DEE
HGNC:31406	WDR37	ENSG00000047056	22884	618586	AD	DEE
HGNC:28912	WDR45	ENSG00000196998	11152	300526	XL	DEE
HGNC:25072	WDR45B	ENSG00000141580	56270	609226	AR	DEE
HGNC:12757	WDR5	ENSG00000196363	11091	609012	AD	DEE
HGNC:24502	WDR62	ENSG00000075702	284403	613583	AR	MCD
HGNC:25928	WDR73	ENSG00000177082	84942	616144	AR	DEE
HGNC:14543	WNK3	ENSG00000196632	65267	300358	XL	DEE
HGNC:12799	WWOX	ENSG00000186153	51741	605131	AR	DEE, MCD
HGNC:12827	XPR1	ENSG00000143324	9213	605237	AD	MCD
HGNC:25489	YEATS2	ENSG00000163872	55689	613373	AD	PME
HGNC:30511	YIF1B	ENSG00000167645	90522	619109	AR	DEE
HGNC:24877	YIPF5	ENSG00000145817	81555	611483	AR	DEE
HGNC:12851	YWHAE	ENSG00000108953	7531	605066	AD	DEE, MCD
HGNC:12852	YWHAG	ENSG00000170027	7532	605356	AD	DEE
HGNC:13030	ZBTB18	ENSG00000179456	10472	608433	AD	DEE, MCD
HGNC:18475	ZDHHC9	ENSG00000188706	51114	300646	XL	DEE
HGNC:14881	ZEB2	ENSG00000169554	9839	605802	AD	DEE
HGNC:12873	ZIC2	ENSG00000043355	7546	603073	AD	DEE, MCD
HGNC:16493	ZMIZ1	ENSG00000108175	57178	607159	AD	DEE
HGNC:16966	ZMYND11	ENSG00000015171	10771	608668	AD	DEE, MCD
HGNC:9397	ZMYND8	ENSG00000101040	23613	615713	AD	DEE
HGNC:12927	ZNF142	ENSG00000115568	7701	604083	AR	DEE
HGNC:12933	ZNF148	ENSG00000163848	7707	601897	AD	DEE
HGNC:15807	ZNF335	ENSG00000198026	63925	610827	AR	DEE
HGNC:29415	ZNF526	ENSG00000167625	116115	614387	AR	DEE
HGNC:12309	ZNHIT3	ENSG00000273611	9326	604500	AR	DEE
HGNC:29316	ZSWIM6	ENSG00000130449	57688	615951	AD	DEE
